{
  "confidence": {
    "p10": 0.9172274231910706,
    "p25": 0.9383403062820436,
    "p50": 0.9570839405059814,
    "p75": 0.9702720642089844,
    "mean": 0.9512660289448976,
    "min": 0.8326571583747864,
    "max": 0.9939699172973632
  },
  "xgb_prob": {
    "p10": 0.3372401833534241,
    "p25": 0.4428495168685913,
    "p50": 0.572443425655365,
    "p75": 0.6922397613525391,
    "mean": 0.5656722840133849,
    "min": 0.1493556946516037,
    "max": 0.9396381378173828
  }
}