{
  "5m": {
    "count": 3189,
    "confidence": {
      "p10": 0.9176642775535583,
      "p50": 0.9557251930236816,
      "p75": 0.9694955945014954
    },
    "xgb_prob": {
      "p10": 0.48779810667037965,
      "p50": 0.6893293857574463,
      "p75": 0.7668719291687012
    }
  },
  "30m": {
    "count": 2120,
    "confidence": {
      "p10": 0.9179077744483948,
      "p50": 0.959179937839508,
      "p75": 0.9719093441963196
    },
    "xgb_prob": {
      "p10": 0.3388039469718933,
      "p50": 0.561740517616272,
      "p75": 0.6455647945404053
    }
  },
  "1h": {
    "count": 3208,
    "confidence": {
      "p10": 0.9159457623958589,
      "p50": 0.956868052482605,
      "p75": 0.9698259085416794
    },
    "xgb_prob": {
      "p10": 0.2850283086299896,
      "p50": 0.45879149436950684,
      "p75": 0.569137915968895
    }
  }
}